filename,label
104.jpg,1
110.jpg,1
117.jpg,1
119.jpg,1
120.jpg,1
127.jpg,1
135.jpg,1
168.jpg,1
176.jpg,1
178.jpg,1
179.jpg,1
184.jpg,1
202.jpg,1
215.jpg,1
22.jpg,1
220.jpg,1
224.jpg,1
225.jpg,1
232.jpg,1
245.jpg,1
261.jpg,1
267.jpg,1
269.jpg,1
277.jpg,1
285.jpg,1
289.jpg,1
297.jpg,1
32.jpg,1
321.jpg,1
330.jpg,1
339.jpg,1
346.jpg,1
349.jpg,1
35.jpg,1
350.jpg,1
354.jpg,1
362.jpg,1
380.jpg,1
387.jpg,1
388.jpg,1
39.jpg,1
398.jpg,1
4.jpg,1
402.jpg,1
41.jpg,1
411.jpg,1
415.jpg,1
435.jpg,1
439.jpg,1
443.jpg,1
444.jpg,1
449.jpg,1
452.jpg,1
454.jpg,1
458.jpg,1
46.jpg,1
460.jpg,1
475.jpg,1
478.jpg,1
48.jpg,1
486.jpg,1
488.jpg,1
490.jpg,1
503.jpg,1
510.jpg,1
513.jpg,1
530.jpg,1
531.jpg,1
537.jpg,1
538.jpg,1
557.jpg,1
562.jpg,1
579.jpg,1
593.jpg,1
599.jpg,1
60.jpg,1
603.jpg,1
607.jpg,1
612.jpg,1
615.jpg,1
626.jpg,1
648.jpg,1
654.jpg,1
691.jpg,1
693.jpg,1
7.jpg,1
700.jpg,1
702.jpg,1
716.jpg,1
730.jpg,1
732.jpg,1
735.jpg,1
738.jpg,1
740.jpg,1
741.jpg,1
753.jpg,1
759.jpg,1
765.jpg,1
767.jpg,1
773.jpg,1
805.jpg,1
810.jpg,1
828.jpg,1
83.jpg,1
838.jpg,1
841.jpg,1
9.jpg,1
